[
  {
    "code": "ABJ",
    "name": "Felix-Houphouet-Boigny International Airport",
    "city": "Abidjan",
    "country": "Ivory Coast"
  },
  {
    "code": "ABQ",
    "name": "Albuquerque International Sunport",
    "city": "Albuquerque",
    "country": "United States"
  },
  {
    "code": "ABV",
    "name": "Nnamdi Azikiwe International Airport",
    "city": "Abuja",
    "country": "Nigeria"
  },
  {
    "code": "ABZ",
    "name": "Aberdeen International Airport",
    "city": "Aberdeen",
    "country": "United Kingdom"
  },
  {
    "code": "ACC",
    "name": "Kotoka International Airport",
    "city": "Accra",
    "country": "Ghana"
  },
  {
    "code": "ACE",
    "name": "Lanzarote Airport",
    "city": "Lanzarote",
    "country": "Spain"
  },
  {
    "code": "ADB",
    "name": "Izmir Adnan Menderes Airport",
    "city": "Izmir",
    "country": "Turkey"
  },
  {
    "code": "ADD",
    "name": "Addis Ababa Bole International Airport",
    "city": "Addis Ababa",
    "country": "Ethiopia"
  },
  {
    "code": "ADL",
    "name": "Adelaide Airport",
    "city": "Adelaide",
    "country": "Australia"
  },
  {
    "code": "AEP",
    "name": "Aeroparque Jorge Newbery",
    "city": "Buenos Aires",
    "country": "Argentina"
  },
  {
    "code": "AGA",
    "name": "Agadir-Al Massira Airport",
    "city": "Agadir",
    "country": "Morocco"
  },
  {
    "code": "AGP",
    "name": "Malaga-Costa del Sol Airport",
    "city": "Malaga",
    "country": "Spain"
  },
  {
    "code": "AKL",
    "name": "Auckland Airport",
    "city": "Auckland",
    "country": "New Zealand"
  },
  {
    "code": "ALA",
    "name": "Almaty International Airport",
    "city": "Almaty",
    "country": "Kazakhstan"
  },
  {
    "code": "ALC",
    "name": "Alicante-Elche Airport",
    "city": "Alicante",
    "country": "Spain"
  },
  {
    "code": "ALG",
    "name": "Houari Boumediene Airport",
    "city": "Algiers",
    "country": "Algeria"
  },
  {
    "code": "AMD",
    "name": "Sardar Vallabhbhai Patel International Airport",
    "city": "Ahmedabad",
    "country": "India"
  },
  {
    "code": "AMM",
    "name": "Queen Alia International Airport",
    "city": "Amman",
    "country": "Jordan"
  },
  {
    "code": "AMS",
    "name": "Amsterdam Airport Schiphol",
    "city": "Amsterdam",
    "country": "Netherlands"
  },
  {
    "code": "ANC",
    "name": "Ted Stevens Anchorage International Airport",
    "city": "Anchorage",
    "country": "United States"
  },
  {
    "code": "APW",
    "name": "Faleolo International Airport",
    "city": "Apia",
    "country": "Samoa"
  },
  {
    "code": "ARN",
    "name": "Stockholm Arlanda Airport",
    "city": "Stockholm",
    "country": "Sweden"
  },
  {
    "code": "ASU",
    "name": "Silvio Pettirossi International Airport",
    "city": "Asuncion",
    "country": "Paraguay"
  },
  {
    "code": "ATH",
    "name": "Athens International Airport",
    "city": "Athens",
    "country": "Greece"
  },
  {
    "code": "ATL",
    "name": "Hartsfield-Jackson Atlanta International Airport",
    "city": "Atlanta",
    "country": "United States"
  },
  {
    "code": "AUA",
    "name": "Queen Beatrix International Airport",
    "city": "Oranjestad",
    "country": "Aruba"
  },
  {
    "code": "AUH",
    "name": "Abu Dhabi International Airport",
    "city": "Abu Dhabi",
    "country": "United Arab Emirates"
  },
  {
    "code": "AUS",
    "name": "Austin-Bergstrom International Airport",
    "city": "Austin",
    "country": "United States"
  },
  {
    "code": "AVL",
    "name": "Asheville Regional Airport",
    "city": "Asheville",
    "country": "United States"
  },
  {
    "code": "AYT",
    "name": "Antalya Airport",
    "city": "Antalya",
    "country": "Turkey"
  },
  {
    "code": "BAH",
    "name": "Bahrain International Airport",
    "city": "Manama",
    "country": "Bahrain"
  },
  {
    "code": "BCN",
    "name": "Barcelona-El Prat Airport",
    "city": "Barcelona",
    "country": "Spain"
  },
  {
    "code": "BDL",
    "name": "Bradley International Airport",
    "city": "Hartford",
    "country": "United States"
  },
  {
    "code": "BDO",
    "name": "Husein Sastranegara International Airport",
    "city": "Bandung",
    "country": "Indonesia"
  },
  {
    "code": "BEG",
    "name": "Belgrade Nikola Tesla Airport",
    "city": "Belgrade",
    "country": "Serbia"
  },
  {
    "code": "BER",
    "name": "Berlin Brandenburg Airport",
    "city": "Berlin",
    "country": "Germany"
  },
  {
    "code": "BEY",
    "name": "Beirut-Rafic Hariri International Airport",
    "city": "Beirut",
    "country": "Lebanon"
  },
  {
    "code": "BFS",
    "name": "Belfast International Airport",
    "city": "Belfast",
    "country": "United Kingdom"
  },
  {
    "code": "BGI",
    "name": "Grantley Adams International Airport",
    "city": "Bridgetown",
    "country": "Barbados"
  },
  {
    "code": "BGO",
    "name": "Bergen Airport Flesland",
    "city": "Bergen",
    "country": "Norway"
  },
  {
    "code": "BGW",
    "name": "Baghdad International Airport",
    "city": "Baghdad",
    "country": "Iraq"
  },
  {
    "code": "BGY",
    "name": "Milan Bergamo Airport",
    "city": "Bergamo",
    "country": "Italy"
  },
  {
    "code": "BHM",
    "name": "Birmingham-Shuttlesworth International Airport",
    "city": "Birmingham",
    "country": "United States"
  },
  {
    "code": "BHX",
    "name": "Birmingham Airport",
    "city": "Birmingham",
    "country": "United Kingdom"
  },
  {
    "code": "BIO",
    "name": "Bilbao Airport",
    "city": "Bilbao",
    "country": "Spain"
  },
  {
    "code": "BJV",
    "name": "Milas-Bodrum Airport",
    "city": "Bodrum",
    "country": "Turkey"
  },
  {
    "code": "BKI",
    "name": "Kota Kinabalu International Airport",
    "city": "Kota Kinabalu",
    "country": "Malaysia"
  },
  {
    "code": "BKK",
    "name": "Suvarnabhumi Airport",
    "city": "Bangkok",
    "country": "Thailand"
  },
  {
    "code": "BLL",
    "name": "Billund Airport",
    "city": "Billund",
    "country": "Denmark"
  },
  {
    "code": "BLQ",
    "name": "Bologna Guglielmo Marconi Airport",
    "city": "Bologna",
    "country": "Italy"
  },
  {
    "code": "BLR",
    "name": "Kempegowda International Airport",
    "city": "Bangalore",
    "country": "India"
  },
  {
    "code": "BNA",
    "name": "Nashville International Airport",
    "city": "Nashville",
    "country": "United States"
  },
  {
    "code": "BNE",
    "name": "Brisbane Airport",
    "city": "Brisbane",
    "country": "Australia"
  },
  {
    "code": "BOD",
    "name": "Bordeaux-Merignac Airport",
    "city": "Bordeaux",
    "country": "France"
  },
  {
    "code": "BOG",
    "name": "El Dorado International Airport",
    "city": "Bogota",
    "country": "Colombia"
  },
  {
    "code": "BOI",
    "name": "Boise Airport",
    "city": "Boise",
    "country": "United States"
  },
  {
    "code": "BOM",
    "name": "Chhatrapati Shivaji Maharaj International Airport",
    "city": "Mumbai",
    "country": "India"
  },
  {
    "code": "BOS",
    "name": "Boston Logan International Airport",
    "city": "Boston",
    "country": "United States"
  },
  {
    "code": "BRI",
    "name": "Bari Karol Wojtyla Airport",
    "city": "Bari",
    "country": "Italy"
  },
  {
    "code": "BRS",
    "name": "Bristol Airport",
    "city": "Bristol",
    "country": "United Kingdom"
  },
  {
    "code": "BRU",
    "name": "Brussels Airport",
    "city": "Brussels",
    "country": "Belgium"
  },
  {
    "code": "BSB",
    "name": "Brasilia International Airport",
    "city": "Brasilia",
    "country": "Brazil"
  },
  {
    "code": "BSL",
    "name": "EuroAirport Basel-Mulhouse-Freiburg",
    "city": "Basel",
    "country": "Switzerland"
  },
  {
    "code": "BTS",
    "name": "Bratislava Airport",
    "city": "Bratislava",
    "country": "Slovakia"
  },
  {
    "code": "BUD",
    "name": "Budapest Ferenc Liszt International Airport",
    "city": "Budapest",
    "country": "Hungary"
  },
  {
    "code": "BUF",
    "name": "Buffalo Niagara International Airport",
    "city": "Buffalo",
    "country": "United States"
  },
  {
    "code": "BUR",
    "name": "Hollywood Burbank Airport",
    "city": "Burbank",
    "country": "United States"
  },
  {
    "code": "BWI",
    "name": "Baltimore/Washington International Airport",
    "city": "Baltimore",
    "country": "United States"
  },
  {
    "code": "BWN",
    "name": "Brunei International Airport",
    "city": "Bandar Seri Begawan",
    "country": "Brunei"
  },
  {
    "code": "CAG",
    "name": "Cagliari Elmas Airport",
    "city": "Cagliari",
    "country": "Italy"
  },
  {
    "code": "CAI",
    "name": "Cairo International Airport",
    "city": "Cairo",
    "country": "Egypt"
  },
  {
    "code": "CAN",
    "name": "Guangzhou Baiyun International Airport",
    "city": "Guangzhou",
    "country": "China"
  },
  {
    "code": "CBR",
    "name": "Canberra Airport",
    "city": "Canberra",
    "country": "Australia"
  },
  {
    "code": "CCS",
    "name": "Simon Bolivar International Airport",
    "city": "Caracas",
    "country": "Venezuela"
  },
  {
    "code": "CCU",
    "name": "Netaji Subhas Chandra Bose International Airport",
    "city": "Kolkata",
    "country": "India"
  },
  {
    "code": "CDG",
    "name": "Charles de Gaulle Airport",
    "city": "Paris",
    "country": "France"
  },
  {
    "code": "CEB",
    "name": "Mactan-Cebu International Airport",
    "city": "Cebu",
    "country": "Philippines"
  },
  {
    "code": "CFU",
    "name": "Corfu International Airport",
    "city": "Corfu",
    "country": "Greece"
  },
  {
    "code": "CGH",
    "name": "Sao Paulo/Congonhas Airport",
    "city": "Sao Paulo",
    "country": "Brazil"
  },
  {
    "code": "CGK",
    "name": "Soekarno-Hatta International Airport",
    "city": "Jakarta",
    "country": "Indonesia"
  },
  {
    "code": "CGN",
    "name": "Cologne Bonn Airport",
    "city": "Cologne",
    "country": "Germany"
  },
  {
    "code": "CHC",
    "name": "Christchurch Airport",
    "city": "Christchurch",
    "country": "New Zealand"
  },
  {
    "code": "CHQ",
    "name": "Chania International Airport",
    "city": "Chania",
    "country": "Greece"
  },
  {
    "code": "CHS",
    "name": "Charleston International Airport",
    "city": "Charleston",
    "country": "United States"
  },
  {
    "code": "CIA",
    "name": "Rome Ciampino Airport",
    "city": "Rome",
    "country": "Italy"
  },
  {
    "code": "CJU",
    "name": "Jeju International Airport",
    "city": "Jeju",
    "country": "South Korea"
  },
  {
    "code": "CKG",
    "name": "Chongqing Jiangbei International Airport",
    "city": "Chongqing",
    "country": "China"
  },
  {
    "code": "CLE",
    "name": "Cleveland Hopkins International Airport",
    "city": "Cleveland",
    "country": "United States"
  },
  {
    "code": "CLJ",
    "name": "Cluj-Napoca International Airport",
    "city": "Cluj-Napoca",
    "country": "Romania"
  },
  {
    "code": "CLO",
    "name": "Alfonso Bonilla Aragon International Airport",
    "city": "Cali",
    "country": "Colombia"
  },
  {
    "code": "CLT",
    "name": "Charlotte Douglas International Airport",
    "city": "Charlotte",
    "country": "United States"
  },
  {
    "code": "CMB",
    "name": "Bandaranaike International Airport",
    "city": "Colombo",
    "country": "Sri Lanka"
  },
  {
    "code": "CMH",
    "name": "John Glenn Columbus International Airport",
    "city": "Columbus",
    "country": "United States"
  },
  {
    "code": "CMN",
    "name": "Mohammed V International Airport",
    "city": "Casablanca",
    "country": "Morocco"
  },
  {
    "code": "CNF",
    "name": "Tancredo Neves International Airport",
    "city": "Belo Horizonte",
    "country": "Brazil"
  },
  {
    "code": "CNS",
    "name": "Cairns Airport",
    "city": "Cairns",
    "country": "Australia"
  },
  {
    "code": "CNX",
    "name": "Chiang Mai International Airport",
    "city": "Chiang Mai",
    "country": "Thailand"
  },
  {
    "code": "COK",
    "name": "Cochin International Airport",
    "city": "Kochi",
    "country": "India"
  },
  {
    "code": "COR",
    "name": "Ingeniero Ambrosio Taravella International Airport",
    "city": "Cordoba",
    "country": "Argentina"
  },
  {
    "code": "CPH",
    "name": "Copenhagen Airport",
    "city": "Copenhagen",
    "country": "Denmark"
  },
  {
    "code": "CPT",
    "name": "Cape Town International Airport",
    "city": "Cape Town",
    "country": "South Africa"
  },
  {
    "code": "CRK",
    "name": "Clark International Airport",
    "city": "Angeles",
    "country": "Philippines"
  },
  {
    "code": "CRL",
    "name": "Brussels South Charleroi Airport",
    "city": "Charleroi",
    "country": "Belgium"
  },
  {
    "code": "CSX",
    "name": "Changsha Huanghua International Airport",
    "city": "Changsha",
    "country": "China"
  },
  {
    "code": "CTA",
    "name": "Catania-Fontanarossa Airport",
    "city": "Catania",
    "country": "Italy"
  },
  {
    "code": "CTG",
    "name": "Rafael Nunez International Airport",
    "city": "Cartagena",
    "country": "Colombia"
  },
  {
    "code": "CTS",
    "name": "New Chitose Airport",
    "city": "Sapporo",
    "country": "Japan"
  },
  {
    "code": "CTU",
    "name": "Chengdu Tianfu International Airport",
    "city": "Chengdu",
    "country": "China"
  },
  {
    "code": "CUN",
    "name": "Cancun International Airport",
    "city": "Cancun",
    "country": "Mexico"
  },
  {
    "code": "CUR",
    "name": "Curacao International Airport",
    "city": "Willemstad",
    "country": "Curacao"
  },
  {
    "code": "CUZ",
    "name": "Alejandro Velasco Astete International Airport",
    "city": "Cusco",
    "country": "Peru"
  },
  {
    "code": "CVG",
    "name": "Cincinnati/Northern Kentucky International Airport",
    "city": "Cincinnati",
    "country": "United States"
  },
  {
    "code": "CWB",
    "name": "Afonso Pena International Airport",
    "city": "Curitiba",
    "country": "Brazil"
  },
  {
    "code": "CXR",
    "name": "Cam Ranh International Airport",
    "city": "Nha Trang",
    "country": "Vietnam"
  },
  {
    "code": "DAC",
    "name": "Hazrat Shahjalal International Airport",
    "city": "Dhaka",
    "country": "Bangladesh"
  },
  {
    "code": "DAD",
    "name": "Da Nang International Airport",
    "city": "Da Nang",
    "country": "Vietnam"
  },
  {
    "code": "DAL",
    "name": "Dallas Love Field",
    "city": "Dallas",
    "country": "United States"
  },
  {
    "code": "DAR",
    "name": "Julius Nyerere International Airport",
    "city": "Dar es Salaam",
    "country": "Tanzania"
  },
  {
    "code": "DBV",
    "name": "Dubrovnik Airport",
    "city": "Dubrovnik",
    "country": "Croatia"
  },
  {
    "code": "DCA",
    "name": "Ronald Reagan Washington National Airport",
    "city": "Washington",
    "country": "United States"
  },
  {
    "code": "DEL",
    "name": "Indira Gandhi International Airport",
    "city": "New Delhi",
    "country": "India"
  },
  {
    "code": "DEN",
    "name": "Denver International Airport",
    "city": "Denver",
    "country": "United States"
  },
  {
    "code": "DFW",
    "name": "Dallas/Fort Worth International Airport",
    "city": "Dallas",
    "country": "United States"
  },
  {
    "code": "DKR",
    "name": "Leopold Sedar Senghor International Airport",
    "city": "Dakar",
    "country": "Senegal"
  },
  {
    "code": "DLC",
    "name": "Dalian Zhoushuizi International Airport",
    "city": "Dalian",
    "country": "China"
  },
  {
    "code": "DLM",
    "name": "Dalaman Airport",
    "city": "Dalaman",
    "country": "Turkey"
  },
  {
    "code": "DME",
    "name": "Domodedovo International Airport",
    "city": "Moscow",
    "country": "Russia"
  },
  {
    "code": "DMK",
    "name": "Don Mueang International Airport",
    "city": "Bangkok",
    "country": "Thailand"
  },
  {
    "code": "DMM",
    "name": "King Fahd International Airport",
    "city": "Dammam",
    "country": "Saudi Arabia"
  },
  {
    "code": "DOH",
    "name": "Hamad International Airport",
    "city": "Doha",
    "country": "Qatar"
  },
  {
    "code": "DPS",
    "name": "Ngurah Rai International Airport",
    "city": "Bali",
    "country": "Indonesia"
  },
  {
    "code": "DRW",
    "name": "Darwin International Airport",
    "city": "Darwin",
    "country": "Australia"
  },
  {
    "code": "DSM",
    "name": "Des Moines International Airport",
    "city": "Des Moines",
    "country": "United States"
  },
  {
    "code": "DSS",
    "name": "Blaise Diagne International Airport",
    "city": "Dakar",
    "country": "Senegal"
  },
  {
    "code": "DTW",
    "name": "Detroit Metropolitan Wayne County Airport",
    "city": "Detroit",
    "country": "United States"
  },
  {
    "code": "DUB",
    "name": "Dublin Airport",
    "city": "Dublin",
    "country": "Ireland"
  },
  {
    "code": "DUD",
    "name": "Dunedin Airport",
    "city": "Dunedin",
    "country": "New Zealand"
  },
  {
    "code": "DUR",
    "name": "King Shaka International Airport",
    "city": "Durban",
    "country": "South Africa"
  },
  {
    "code": "DUS",
    "name": "Dusseldorf Airport",
    "city": "Dusseldorf",
    "country": "Germany"
  },
  {
    "code": "DVO",
    "name": "Francisco Bangoy International Airport",
    "city": "Davao",
    "country": "Philippines"
  },
  {
    "code": "DWC",
    "name": "Al Maktoum International Airport",
    "city": "Dubai",
    "country": "United Arab Emirates"
  },
  {
    "code": "DXB",
    "name": "Dubai International Airport",
    "city": "Dubai",
    "country": "United Arab Emirates"
  },
  {
    "code": "EBB",
    "name": "Entebbe International Airport",
    "city": "Entebbe",
    "country": "Uganda"
  },
  {
    "code": "EBL",
    "name": "Erbil International Airport",
    "city": "Erbil",
    "country": "Iraq"
  },
  {
    "code": "EDI",
    "name": "Edinburgh Airport",
    "city": "Edinburgh",
    "country": "United Kingdom"
  },
  {
    "code": "EIN",
    "name": "Eindhoven Airport",
    "city": "Eindhoven",
    "country": "Netherlands"
  },
  {
    "code": "ELP",
    "name": "El Paso International Airport",
    "city": "El Paso",
    "country": "United States"
  },
  {
    "code": "ESB",
    "name": "Ankara Esenboga International Airport",
    "city": "Ankara",
    "country": "Turkey"
  },
  {
    "code": "EVN",
    "name": "Zvartnots International Airport",
    "city": "Yerevan",
    "country": "Armenia"
  },
  {
    "code": "EWR",
    "name": "Newark Liberty International Airport",
    "city": "Newark",
    "country": "United States"
  },
  {
    "code": "EZE",
    "name": "Ministro Pistarini International Airport",
    "city": "Buenos Aires",
    "country": "Argentina"
  },
  {
    "code": "FAO",
    "name": "Faro Airport",
    "city": "Faro",
    "country": "Portugal"
  },
  {
    "code": "FCO",
    "name": "Leonardo da Vinci-Fiumicino Airport",
    "city": "Rome",
    "country": "Italy"
  },
  {
    "code": "FEZ",
    "name": "Fes-Sais Airport",
    "city": "Fez",
    "country": "Morocco"
  },
  {
    "code": "FLL",
    "name": "Fort Lauderdale-Hollywood International Airport",
    "city": "Fort Lauderdale",
    "country": "United States"
  },
  {
    "code": "FLR",
    "name": "Florence Airport",
    "city": "Florence",
    "country": "Italy"
  },
  {
    "code": "FNC",
    "name": "Madeira Airport",
    "city": "Funchal",
    "country": "Portugal"
  },
  {
    "code": "FOR",
    "name": "Pinto Martins International Airport",
    "city": "Fortaleza",
    "country": "Brazil"
  },
  {
    "code": "FRA",
    "name": "Frankfurt Airport",
    "city": "Frankfurt",
    "country": "Germany"
  },
  {
    "code": "FUE",
    "name": "Fuerteventura Airport",
    "city": "Fuerteventura",
    "country": "Spain"
  },
  {
    "code": "FUK",
    "name": "Fukuoka Airport",
    "city": "Fukuoka",
    "country": "Japan"
  },
  {
    "code": "GAU",
    "name": "Lokpriya Gopinath Bordoloi International Airport",
    "city": "Guwahati",
    "country": "India"
  },
  {
    "code": "GDL",
    "name": "Guadalajara International Airport",
    "city": "Guadalajara",
    "country": "Mexico"
  },
  {
    "code": "GDN",
    "name": "Gdansk Lech Walesa Airport",
    "city": "Gdansk",
    "country": "Poland"
  },
  {
    "code": "GEG",
    "name": "Spokane International Airport",
    "city": "Spokane",
    "country": "United States"
  },
  {
    "code": "GIG",
    "name": "Rio de Janeiro/Galeao International Airport",
    "city": "Rio de Janeiro",
    "country": "Brazil"
  },
  {
    "code": "GLA",
    "name": "Glasgow Airport",
    "city": "Glasgow",
    "country": "United Kingdom"
  },
  {
    "code": "GMP",
    "name": "Gimpo International Airport",
    "city": "Seoul",
    "country": "South Korea"
  },
  {
    "code": "GOI",
    "name": "Goa International Airport",
    "city": "Goa",
    "country": "India"
  },
  {
    "code": "GOT",
    "name": "Goteborg Landvetter Airport",
    "city": "Gothenburg",
    "country": "Sweden"
  },
  {
    "code": "GRO",
    "name": "Girona-Costa Brava Airport",
    "city": "Girona",
    "country": "Spain"
  },
  {
    "code": "GRR",
    "name": "Gerald R. Ford International Airport",
    "city": "Grand Rapids",
    "country": "United States"
  },
  {
    "code": "GRU",
    "name": "Sao Paulo/Guarulhos International Airport",
    "city": "Sao Paulo",
    "country": "Brazil"
  },
  {
    "code": "GSP",
    "name": "Greenville-Spartanburg International Airport",
    "city": "Greenville",
    "country": "United States"
  },
  {
    "code": "GUA",
    "name": "La Aurora International Airport",
    "city": "Guatemala City",
    "country": "Guatemala"
  },
  {
    "code": "GVA",
    "name": "Geneva Airport",
    "city": "Geneva",
    "country": "Switzerland"
  },
  {
    "code": "GYD",
    "name": "Heydar Aliyev International Airport",
    "city": "Baku",
    "country": "Azerbaijan"
  },
  {
    "code": "GYE",
    "name": "Jose Joaquin de Olmedo International Airport",
    "city": "Guayaquil",
    "country": "Ecuador"
  },
  {
    "code": "HAJ",
    "name": "Hannover Airport",
    "city": "Hannover",
    "country": "Germany"
  },
  {
    "code": "HAM",
    "name": "Hamburg Airport",
    "city": "Hamburg",
    "country": "Germany"
  },
  {
    "code": "HAN",
    "name": "Noi Bai International Airport",
    "city": "Hanoi",
    "country": "Vietnam"
  },
  {
    "code": "HAV",
    "name": "Jose Marti International Airport",
    "city": "Havana",
    "country": "Cuba"
  },
  {
    "code": "HBA",
    "name": "Hobart Airport",
    "city": "Hobart",
    "country": "Australia"
  },
  {
    "code": "HDY",
    "name": "Hat Yai International Airport",
    "city": "Hat Yai",
    "country": "Thailand"
  },
  {
    "code": "HEL",
    "name": "Helsinki-Vantaa Airport",
    "city": "Helsinki",
    "country": "Finland"
  },
  {
    "code": "HER",
    "name": "Heraklion International Airport",
    "city": "Heraklion",
    "country": "Greece"
  },
  {
    "code": "HGH",
    "name": "Hangzhou Xiaoshan International Airport",
    "city": "Hangzhou",
    "country": "China"
  },
  {
    "code": "HIJ",
    "name": "Hiroshima Airport",
    "city": "Hiroshima",
    "country": "Japan"
  },
  {
    "code": "HKG",
    "name": "Hong Kong International Airport",
    "city": "Hong Kong",
    "country": "Hong Kong"
  },
  {
    "code": "HKT",
    "name": "Phuket International Airport",
    "city": "Phuket",
    "country": "Thailand"
  },
  {
    "code": "HND",
    "name": "Tokyo Haneda Airport",
    "city": "Tokyo",
    "country": "Japan"
  },
  {
    "code": "HNL",
    "name": "Daniel K. Inouye International Airport",
    "city": "Honolulu",
    "country": "United States"
  },
  {
    "code": "HOU",
    "name": "William P. Hobby Airport",
    "city": "Houston",
    "country": "United States"
  },
  {
    "code": "HRB",
    "name": "Harbin Taiping International Airport",
    "city": "Harbin",
    "country": "China"
  },
  {
    "code": "HRE",
    "name": "Robert Gabriel Mugabe International Airport",
    "city": "Harare",
    "country": "Zimbabwe"
  },
  {
    "code": "HRG",
    "name": "Hurghada International Airport",
    "city": "Hurghada",
    "country": "Egypt"
  },
  {
    "code": "HYD",
    "name": "Rajiv Gandhi International Airport",
    "city": "Hyderabad",
    "country": "India"
  },
  {
    "code": "IAD",
    "name": "Washington Dulles International Airport",
    "city": "Washington",
    "country": "United States"
  },
  {
    "code": "IAH",
    "name": "George Bush Intercontinental Airport",
    "city": "Houston",
    "country": "United States"
  },
  {
    "code": "IBZ",
    "name": "Ibiza Airport",
    "city": "Ibiza",
    "country": "Spain"
  },
  {
    "code": "ICN",
    "name": "Incheon International Airport",
    "city": "Seoul",
    "country": "South Korea"
  },
  {
    "code": "IKA",
    "name": "Imam Khomeini International Airport",
    "city": "Tehran",
    "country": "Iran"
  },
  {
    "code": "ILO",
    "name": "Iloilo International Airport",
    "city": "Iloilo",
    "country": "Philippines"
  },
  {
    "code": "IND",
    "name": "Indianapolis International Airport",
    "city": "Indianapolis",
    "country": "United States"
  },
  {
    "code": "INN",
    "name": "Innsbruck Airport",
    "city": "Innsbruck",
    "country": "Austria"
  },
  {
    "code": "ISB",
    "name": "Islamabad International Airport",
    "city": "Islamabad",
    "country": "Pakistan"
  },
  {
    "code": "IST",
    "name": "Istanbul Airport",
    "city": "Istanbul",
    "country": "Turkey"
  },
  {
    "code": "ITM",
    "name": "Osaka Itami Airport",
    "city": "Osaka",
    "country": "Japan"
  },
  {
    "code": "IXC",
    "name": "Chandigarh International Airport",
    "city": "Chandigarh",
    "country": "India"
  },
  {
    "code": "JAI",
    "name": "Jaipur International Airport",
    "city": "Jaipur",
    "country": "India"
  },
  {
    "code": "JAX",
    "name": "Jacksonville International Airport",
    "city": "Jacksonville",
    "country": "United States"
  },
  {
    "code": "JED",
    "name": "King Abdulaziz International Airport",
    "city": "Jeddah",
    "country": "Saudi Arabia"
  },
  {
    "code": "JFK",
    "name": "John F. Kennedy International Airport",
    "city": "New York",
    "country": "United States"
  },
  {
    "code": "JMK",
    "name": "Mykonos Island National Airport",
    "city": "Mykonos",
    "country": "Greece"
  },
  {
    "code": "JNB",
    "name": "O.R. Tambo International Airport",
    "city": "Johannesburg",
    "country": "South Africa"
  },
  {
    "code": "JRO",
    "name": "Kilimanjaro International Airport",
    "city": "Arusha",
    "country": "Tanzania"
  },
  {
    "code": "JTR",
    "name": "Santorini Airport",
    "city": "Santorini",
    "country": "Greece"
  },
  {
    "code": "KBP",
    "name": "Boryspil International Airport",
    "city": "Kyiv",
    "country": "Ukraine"
  },
  {
    "code": "KBV",
    "name": "Krabi Airport",
    "city": "Krabi",
    "country": "Thailand"
  },
  {
    "code": "KCH",
    "name": "Kuching International Airport",
    "city": "Kuching",
    "country": "Malaysia"
  },
  {
    "code": "KEF",
    "name": "Keflavik International Airport",
    "city": "Reykjavik",
    "country": "Iceland"
  },
  {
    "code": "KGL",
    "name": "Kigali International Airport",
    "city": "Kigali",
    "country": "Rwanda"
  },
  {
    "code": "KGS",
    "name": "Kos Island International Airport",
    "city": "Kos",
    "country": "Greece"
  },
  {
    "code": "KHH",
    "name": "Kaohsiung International Airport",
    "city": "Kaohsiung",
    "country": "Taiwan"
  },
  {
    "code": "KHI",
    "name": "Jinnah International Airport",
    "city": "Karachi",
    "country": "Pakistan"
  },
  {
    "code": "KIN",
    "name": "Norman Manley International Airport",
    "city": "Kingston",
    "country": "Jamaica"
  },
  {
    "code": "KIX",
    "name": "Kansai International Airport",
    "city": "Osaka",
    "country": "Japan"
  },
  {
    "code": "KMG",
    "name": "Kunming Changshui International Airport",
    "city": "Kunming",
    "country": "China"
  },
  {
    "code": "KOA",
    "name": "Ellison Onizuka Kona International Airport",
    "city": "Kailua-Kona",
    "country": "United States"
  },
  {
    "code": "KOJ",
    "name": "Kagoshima Airport",
    "city": "Kagoshima",
    "country": "Japan"
  },
  {
    "code": "KRK",
    "name": "Krakow John Paul II International Airport",
    "city": "Krakow",
    "country": "Poland"
  },
  {
    "code": "KTM",
    "name": "Tribhuvan International Airport",
    "city": "Kathmandu",
    "country": "Nepal"
  },
  {
    "code": "KTW",
    "name": "Katowice Airport",
    "city": "Katowice",
    "country": "Poland"
  },
  {
    "code": "KUL",
    "name": "Kuala Lumpur International Airport",
    "city": "Kuala Lumpur",
    "country": "Malaysia"
  },
  {
    "code": "KWI",
    "name": "Kuwait International Airport",
    "city": "Kuwait City",
    "country": "Kuwait"
  },
  {
    "code": "LAS",
    "name": "Harry Reid International Airport",
    "city": "Las Vegas",
    "country": "United States"
  },
  {
    "code": "LAX",
    "name": "Los Angeles International Airport",
    "city": "Los Angeles",
    "country": "United States"
  },
  {
    "code": "LCA",
    "name": "Larnaca International Airport",
    "city": "Larnaca",
    "country": "Cyprus"
  },
  {
    "code": "LCY",
    "name": "London City Airport",
    "city": "London",
    "country": "United Kingdom"
  },
  {
    "code": "LED",
    "name": "Pulkovo Airport",
    "city": "Saint Petersburg",
    "country": "Russia"
  },
  {
    "code": "LEJ",
    "name": "Leipzig/Halle Airport",
    "city": "Leipzig",
    "country": "Germany"
  },
  {
    "code": "LGA",
    "name": "LaGuardia Airport",
    "city": "New York",
    "country": "United States"
  },
  {
    "code": "LGK",
    "name": "Langkawi International Airport",
    "city": "Langkawi",
    "country": "Malaysia"
  },
  {
    "code": "LGW",
    "name": "London Gatwick Airport",
    "city": "London",
    "country": "United Kingdom"
  },
  {
    "code": "LHE",
    "name": "Allama Iqbal International Airport",
    "city": "Lahore",
    "country": "Pakistan"
  },
  {
    "code": "LHR",
    "name": "London Heathrow Airport",
    "city": "London",
    "country": "United Kingdom"
  },
  {
    "code": "LIH",
    "name": "Lihue Airport",
    "city": "Lihue",
    "country": "United States"
  },
  {
    "code": "LIM",
    "name": "Jorge Chavez International Airport",
    "city": "Lima",
    "country": "Peru"
  },
  {
    "code": "LIN",
    "name": "Milan Linate Airport",
    "city": "Milan",
    "country": "Italy"
  },
  {
    "code": "LIS",
    "name": "Lisbon Humberto Delgado Airport",
    "city": "Lisbon",
    "country": "Portugal"
  },
  {
    "code": "LIT",
    "name": "Bill and Hillary Clinton National Airport",
    "city": "Little Rock",
    "country": "United States"
  },
  {
    "code": "LJU",
    "name": "Ljubljana Joze Pucnik Airport",
    "city": "Ljubljana",
    "country": "Slovenia"
  },
  {
    "code": "LKO",
    "name": "Chaudhary Charan Singh International Airport",
    "city": "Lucknow",
    "country": "India"
  },
  {
    "code": "LOS",
    "name": "Murtala Muhammed International Airport",
    "city": "Lagos",
    "country": "Nigeria"
  },
  {
    "code": "LPA",
    "name": "Gran Canaria Airport",
    "city": "Las Palmas",
    "country": "Spain"
  },
  {
    "code": "LPB",
    "name": "El Alto International Airport",
    "city": "La Paz",
    "country": "Bolivia"
  },
  {
    "code": "LPL",
    "name": "Liverpool John Lennon Airport",
    "city": "Liverpool",
    "country": "United Kingdom"
  },
  {
    "code": "LTN",
    "name": "London Luton Airport",
    "city": "London",
    "country": "United Kingdom"
  },
  {
    "code": "LUN",
    "name": "Kenneth Kaunda International Airport",
    "city": "Lusaka",
    "country": "Zambia"
  },
  {
    "code": "LUX",
    "name": "Luxembourg Airport",
    "city": "Luxembourg City",
    "country": "Luxembourg"
  },
  {
    "code": "LXR",
    "name": "Luxor International Airport",
    "city": "Luxor",
    "country": "Egypt"
  },
  {
    "code": "LYS",
    "name": "Lyon-Saint Exupery Airport",
    "city": "Lyon",
    "country": "France"
  },
  {
    "code": "MAA",
    "name": "Chennai International Airport",
    "city": "Chennai",
    "country": "India"
  },
  {
    "code": "MAD",
    "name": "Adolfo Suarez Madrid-Barajas Airport",
    "city": "Madrid",
    "country": "Spain"
  },
  {
    "code": "MAN",
    "name": "Manchester Airport",
    "city": "Manchester",
    "country": "United Kingdom"
  },
  {
    "code": "MBA",
    "name": "Moi International Airport",
    "city": "Mombasa",
    "country": "Kenya"
  },
  {
    "code": "MBJ",
    "name": "Sangster International Airport",
    "city": "Montego Bay",
    "country": "Jamaica"
  },
  {
    "code": "MCI",
    "name": "Kansas City International Airport",
    "city": "Kansas City",
    "country": "United States"
  },
  {
    "code": "MCO",
    "name": "Orlando International Airport",
    "city": "Orlando",
    "country": "United States"
  },
  {
    "code": "MCT",
    "name": "Muscat International Airport",
    "city": "Muscat",
    "country": "Oman"
  },
  {
    "code": "MDC",
    "name": "Sam Ratulangi International Airport",
    "city": "Manado",
    "country": "Indonesia"
  },
  {
    "code": "MDE",
    "name": "Jose Maria Cordova International Airport",
    "city": "Medellin",
    "country": "Colombia"
  },
  {
    "code": "MDL",
    "name": "Mandalay International Airport",
    "city": "Mandalay",
    "country": "Myanmar"
  },
  {
    "code": "MDW",
    "name": "Chicago Midway International Airport",
    "city": "Chicago",
    "country": "United States"
  },
  {
    "code": "MDZ",
    "name": "El Plumerillo Airport",
    "city": "Mendoza",
    "country": "Argentina"
  },
  {
    "code": "MED",
    "name": "Prince Mohammad bin Abdulaziz International Airport",
    "city": "Medina",
    "country": "Saudi Arabia"
  },
  {
    "code": "MEL",
    "name": "Melbourne Airport",
    "city": "Melbourne",
    "country": "Australia"
  },
  {
    "code": "MEM",
    "name": "Memphis International Airport",
    "city": "Memphis",
    "country": "United States"
  },
  {
    "code": "MEX",
    "name": "Mexico City International Airport",
    "city": "Mexico City",
    "country": "Mexico"
  },
  {
    "code": "MFM",
    "name": "Macau International Airport",
    "city": "Macau",
    "country": "Macau"
  },
  {
    "code": "MIA",
    "name": "Miami International Airport",
    "city": "Miami",
    "country": "United States"
  },
  {
    "code": "MKE",
    "name": "Milwaukee Mitchell International Airport",
    "city": "Milwaukee",
    "country": "United States"
  },
  {
    "code": "MLA",
    "name": "Malta International Airport",
    "city": "Valletta",
    "country": "Malta"
  },
  {
    "code": "MLE",
    "name": "Velana International Airport",
    "city": "Male",
    "country": "Maldives"
  },
  {
    "code": "MNL",
    "name": "Ninoy Aquino International Airport",
    "city": "Manila",
    "country": "Philippines"
  },
  {
    "code": "MPM",
    "name": "Maputo International Airport",
    "city": "Maputo",
    "country": "Mozambique"
  },
  {
    "code": "MRS",
    "name": "Marseille Provence Airport",
    "city": "Marseille",
    "country": "France"
  },
  {
    "code": "MRU",
    "name": "Sir Seewoosagur Ramgoolam International Airport",
    "city": "Port Louis",
    "country": "Mauritius"
  },
  {
    "code": "MSP",
    "name": "Minneapolis-Saint Paul International Airport",
    "city": "Minneapolis",
    "country": "United States"
  },
  {
    "code": "MSY",
    "name": "Louis Armstrong New Orleans International Airport",
    "city": "New Orleans",
    "country": "United States"
  },
  {
    "code": "MTY",
    "name": "Monterrey International Airport",
    "city": "Monterrey",
    "country": "Mexico"
  },
  {
    "code": "MUC",
    "name": "Munich Airport",
    "city": "Munich",
    "country": "Germany"
  },
  {
    "code": "MVD",
    "name": "Carrasco International Airport",
    "city": "Montevideo",
    "country": "Uruguay"
  },
  {
    "code": "MXP",
    "name": "Milan Malpensa Airport",
    "city": "Milan",
    "country": "Italy"
  },
  {
    "code": "MYR",
    "name": "Myrtle Beach International Airport",
    "city": "Myrtle Beach",
    "country": "United States"
  },
  {
    "code": "NAN",
    "name": "Nadi International Airport",
    "city": "Nadi",
    "country": "Fiji"
  },
  {
    "code": "NAP",
    "name": "Naples International Airport",
    "city": "Naples",
    "country": "Italy"
  },
  {
    "code": "NAS",
    "name": "Lynden Pindling International Airport",
    "city": "Nassau",
    "country": "Bahamas"
  },
  {
    "code": "NBO",
    "name": "Jomo Kenyatta International Airport",
    "city": "Nairobi",
    "country": "Kenya"
  },
  {
    "code": "NCE",
    "name": "Nice Cote d'Azur Airport",
    "city": "Nice",
    "country": "France"
  },
  {
    "code": "NCL",
    "name": "Newcastle Airport",
    "city": "Newcastle",
    "country": "United Kingdom"
  },
  {
    "code": "NGO",
    "name": "Chubu Centrair International Airport",
    "city": "Nagoya",
    "country": "Japan"
  },
  {
    "code": "NKG",
    "name": "Nanjing Lukou International Airport",
    "city": "Nanjing",
    "country": "China"
  },
  {
    "code": "NNG",
    "name": "Nanning Wuxu International Airport",
    "city": "Nanning",
    "country": "China"
  },
  {
    "code": "NOU",
    "name": "La Tontouta International Airport",
    "city": "Noumea",
    "country": "New Caledonia"
  },
  {
    "code": "NQZ",
    "name": "Nursultan Nazarbayev International Airport",
    "city": "Astana",
    "country": "Kazakhstan"
  },
  {
    "code": "NRT",
    "name": "Narita International Airport",
    "city": "Tokyo",
    "country": "Japan"
  },
  {
    "code": "NTE",
    "name": "Nantes Atlantique Airport",
    "city": "Nantes",
    "country": "France"
  },
  {
    "code": "NUE",
    "name": "Nuremberg Airport",
    "city": "Nuremberg",
    "country": "Germany"
  },
  {
    "code": "OAK",
    "name": "Oakland International Airport",
    "city": "Oakland",
    "country": "United States"
  },
  {
    "code": "OGG",
    "name": "Kahului Airport",
    "city": "Kahului",
    "country": "United States"
  },
  {
    "code": "OKA",
    "name": "Naha Airport",
    "city": "Naha",
    "country": "Japan"
  },
  {
    "code": "OKC",
    "name": "Will Rogers World Airport",
    "city": "Oklahoma City",
    "country": "United States"
  },
  {
    "code": "OLB",
    "name": "Olbia Costa Smeralda Airport",
    "city": "Olbia",
    "country": "Italy"
  },
  {
    "code": "OMA",
    "name": "Eppley Airfield",
    "city": "Omaha",
    "country": "United States"
  },
  {
    "code": "ONT",
    "name": "Ontario International Airport",
    "city": "Ontario",
    "country": "United States"
  },
  {
    "code": "OOL",
    "name": "Gold Coast Airport",
    "city": "Gold Coast",
    "country": "Australia"
  },
  {
    "code": "OPO",
    "name": "Porto Airport",
    "city": "Porto",
    "country": "Portugal"
  },
  {
    "code": "ORD",
    "name": "O'Hare International Airport",
    "city": "Chicago",
    "country": "United States"
  },
  {
    "code": "ORF",
    "name": "Norfolk International Airport",
    "city": "Norfolk",
    "country": "United States"
  },
  {
    "code": "ORK",
    "name": "Cork Airport",
    "city": "Cork",
    "country": "Ireland"
  },
  {
    "code": "ORY",
    "name": "Paris Orly Airport",
    "city": "Paris",
    "country": "France"
  },
  {
    "code": "OSL",
    "name": "Oslo Gardermoen Airport",
    "city": "Oslo",
    "country": "Norway"
  },
  {
    "code": "OTP",
    "name": "Henri Coanda International Airport",
    "city": "Bucharest",
    "country": "Romania"
  },
  {
    "code": "PBI",
    "name": "Palm Beach International Airport",
    "city": "West Palm Beach",
    "country": "United States"
  },
  {
    "code": "PDL",
    "name": "Ponta Delgada Airport",
    "city": "Ponta Delgada",
    "country": "Portugal"
  },
  {
    "code": "PDX",
    "name": "Portland International Airport",
    "city": "Portland",
    "country": "United States"
  },
  {
    "code": "PEK",
    "name": "Beijing Capital International Airport",
    "city": "Beijing",
    "country": "China"
  },
  {
    "code": "PEN",
    "name": "Penang International Airport",
    "city": "Penang",
    "country": "Malaysia"
  },
  {
    "code": "PER",
    "name": "Perth Airport",
    "city": "Perth",
    "country": "Australia"
  },
  {
    "code": "PFO",
    "name": "Paphos International Airport",
    "city": "Paphos",
    "country": "Cyprus"
  },
  {
    "code": "PHL",
    "name": "Philadelphia International Airport",
    "city": "Philadelphia",
    "country": "United States"
  },
  {
    "code": "PHX",
    "name": "Phoenix Sky Harbor International Airport",
    "city": "Phoenix",
    "country": "United States"
  },
  {
    "code": "PIT",
    "name": "Pittsburgh International Airport",
    "city": "Pittsburgh",
    "country": "United States"
  },
  {
    "code": "PKX",
    "name": "Beijing Daxing International Airport",
    "city": "Beijing",
    "country": "China"
  },
  {
    "code": "PMI",
    "name": "Palma de Mallorca Airport",
    "city": "Palma de Mallorca",
    "country": "Spain"
  },
  {
    "code": "PMO",
    "name": "Falcone-Borsellino Airport",
    "city": "Palermo",
    "country": "Italy"
  },
  {
    "code": "PNH",
    "name": "Phnom Penh International Airport",
    "city": "Phnom Penh",
    "country": "Cambodia"
  },
  {
    "code": "PNQ",
    "name": "Pune Airport",
    "city": "Pune",
    "country": "India"
  },
  {
    "code": "PNS",
    "name": "Pensacola International Airport",
    "city": "Pensacola",
    "country": "United States"
  },
  {
    "code": "POA",
    "name": "Salgado Filho International Airport",
    "city": "Porto Alegre",
    "country": "Brazil"
  },
  {
    "code": "POS",
    "name": "Piarco International Airport",
    "city": "Port of Spain",
    "country": "Trinidad and Tobago"
  },
  {
    "code": "PPT",
    "name": "Faaa International Airport",
    "city": "Papeete",
    "country": "French Polynesia"
  },
  {
    "code": "PQC",
    "name": "Phu Quoc International Airport",
    "city": "Phu Quoc",
    "country": "Vietnam"
  },
  {
    "code": "PRG",
    "name": "Vaclav Havel Airport Prague",
    "city": "Prague",
    "country": "Czech Republic"
  },
  {
    "code": "PSA",
    "name": "Pisa International Airport",
    "city": "Pisa",
    "country": "Italy"
  },
  {
    "code": "PSP",
    "name": "Palm Springs International Airport",
    "city": "Palm Springs",
    "country": "United States"
  },
  {
    "code": "PTY",
    "name": "Tocumen International Airport",
    "city": "Panama City",
    "country": "Panama"
  },
  {
    "code": "PUJ",
    "name": "Punta Cana International Airport",
    "city": "Punta Cana",
    "country": "Dominican Republic"
  },
  {
    "code": "PUS",
    "name": "Gimhae International Airport",
    "city": "Busan",
    "country": "South Korea"
  },
  {
    "code": "PVD",
    "name": "T.F. Green International Airport",
    "city": "Providence",
    "country": "United States"
  },
  {
    "code": "PVG",
    "name": "Shanghai Pudong International Airport",
    "city": "Shanghai",
    "country": "China"
  },
  {
    "code": "PVR",
    "name": "Licenciado Gustavo Diaz Ordaz International Airport",
    "city": "Puerto Vallarta",
    "country": "Mexico"
  },
  {
    "code": "RAK",
    "name": "Marrakech Menara Airport",
    "city": "Marrakech",
    "country": "Morocco"
  },
  {
    "code": "RDU",
    "name": "Raleigh-Durham International Airport",
    "city": "Raleigh",
    "country": "United States"
  },
  {
    "code": "REC",
    "name": "Recife/Guararapes International Airport",
    "city": "Recife",
    "country": "Brazil"
  },
  {
    "code": "REP",
    "name": "Siem Reap International Airport",
    "city": "Siem Reap",
    "country": "Cambodia"
  },
  {
    "code": "RGN",
    "name": "Yangon International Airport",
    "city": "Yangon",
    "country": "Myanmar"
  },
  {
    "code": "RHO",
    "name": "Rhodes International Airport",
    "city": "Rhodes",
    "country": "Greece"
  },
  {
    "code": "RIC",
    "name": "Richmond International Airport",
    "city": "Richmond",
    "country": "United States"
  },
  {
    "code": "RIX",
    "name": "Riga International Airport",
    "city": "Riga",
    "country": "Latvia"
  },
  {
    "code": "RNO",
    "name": "Reno-Tahoe International Airport",
    "city": "Reno",
    "country": "United States"
  },
  {
    "code": "RSW",
    "name": "Southwest Florida International Airport",
    "city": "Fort Myers",
    "country": "United States"
  },
  {
    "code": "RUH",
    "name": "King Khalid International Airport",
    "city": "Riyadh",
    "country": "Saudi Arabia"
  },
  {
    "code": "SAL",
    "name": "Monsenor Oscar Arnulfo Romero International Airport",
    "city": "San Salvador",
    "country": "El Salvador"
  },
  {
    "code": "SAN",
    "name": "San Diego International Airport",
    "city": "San Diego",
    "country": "United States"
  },
  {
    "code": "SAT",
    "name": "San Antonio International Airport",
    "city": "San Antonio",
    "country": "United States"
  },
  {
    "code": "SAV",
    "name": "Savannah/Hilton Head International Airport",
    "city": "Savannah",
    "country": "United States"
  },
  {
    "code": "SAW",
    "name": "Istanbul Sabiha Gokcen International Airport",
    "city": "Istanbul",
    "country": "Turkey"
  },
  {
    "code": "SCL",
    "name": "Arturo Merino Benitez International Airport",
    "city": "Santiago",
    "country": "Chile"
  },
  {
    "code": "SDF",
    "name": "Louisville Muhammad Ali International Airport",
    "city": "Louisville",
    "country": "United States"
  },
  {
    "code": "SDQ",
    "name": "Las Americas International Airport",
    "city": "Santo Domingo",
    "country": "Dominican Republic"
  },
  {
    "code": "SDU",
    "name": "Santos Dumont Airport",
    "city": "Rio de Janeiro",
    "country": "Brazil"
  },
  {
    "code": "SEA",
    "name": "Seattle-Tacoma International Airport",
    "city": "Seattle",
    "country": "United States"
  },
  {
    "code": "SEZ",
    "name": "Seychelles International Airport",
    "city": "Mahe",
    "country": "Seychelles"
  },
  {
    "code": "SFO",
    "name": "San Francisco International Airport",
    "city": "San Francisco",
    "country": "United States"
  },
  {
    "code": "SGN",
    "name": "Tan Son Nhat International Airport",
    "city": "Ho Chi Minh City",
    "country": "Vietnam"
  },
  {
    "code": "SHA",
    "name": "Shanghai Hongqiao International Airport",
    "city": "Shanghai",
    "country": "China"
  },
  {
    "code": "SHE",
    "name": "Shenyang Taoxian International Airport",
    "city": "Shenyang",
    "country": "China"
  },
  {
    "code": "SHJ",
    "name": "Sharjah International Airport",
    "city": "Sharjah",
    "country": "United Arab Emirates"
  },
  {
    "code": "SIN",
    "name": "Singapore Changi Airport",
    "city": "Singapore",
    "country": "Singapore"
  },
  {
    "code": "SJC",
    "name": "San Jose International Airport",
    "city": "San Jose",
    "country": "United States"
  },
  {
    "code": "SJD",
    "name": "Los Cabos International Airport",
    "city": "San Jose del Cabo",
    "country": "Mexico"
  },
  {
    "code": "SJJ",
    "name": "Sarajevo International Airport",
    "city": "Sarajevo",
    "country": "Bosnia and Herzegovina"
  },
  {
    "code": "SJO",
    "name": "Juan Santamaria International Airport",
    "city": "San Jose",
    "country": "Costa Rica"
  },
  {
    "code": "SJU",
    "name": "Luis Munoz Marin International Airport",
    "city": "San Juan",
    "country": "Puerto Rico"
  },
  {
    "code": "SKG",
    "name": "Thessaloniki Airport",
    "city": "Thessaloniki",
    "country": "Greece"
  },
  {
    "code": "SKP",
    "name": "Skopje International Airport",
    "city": "Skopje",
    "country": "North Macedonia"
  },
  {
    "code": "SLC",
    "name": "Salt Lake City International Airport",
    "city": "Salt Lake City",
    "country": "United States"
  },
  {
    "code": "SMF",
    "name": "Sacramento International Airport",
    "city": "Sacramento",
    "country": "United States"
  },
  {
    "code": "SNA",
    "name": "John Wayne Airport",
    "city": "Santa Ana",
    "country": "United States"
  },
  {
    "code": "SNN",
    "name": "Shannon Airport",
    "city": "Shannon",
    "country": "Ireland"
  },
  {
    "code": "SOF",
    "name": "Sofia Airport",
    "city": "Sofia",
    "country": "Bulgaria"
  },
  {
    "code": "SPU",
    "name": "Split Airport",
    "city": "Split",
    "country": "Croatia"
  },
  {
    "code": "SSA",
    "name": "Deputado Luis Eduardo Magalhaes International Airport",
    "city": "Salvador",
    "country": "Brazil"
  },
  {
    "code": "SSH",
    "name": "Sharm El Sheikh International Airport",
    "city": "Sharm El Sheikh",
    "country": "Egypt"
  },
  {
    "code": "STL",
    "name": "St. Louis Lambert International Airport",
    "city": "St. Louis",
    "country": "United States"
  },
  {
    "code": "STN",
    "name": "London Stansted Airport",
    "city": "London",
    "country": "United Kingdom"
  },
  {
    "code": "STR",
    "name": "Stuttgart Airport",
    "city": "Stuttgart",
    "country": "Germany"
  },
  {
    "code": "SUB",
    "name": "Juanda International Airport",
    "city": "Surabaya",
    "country": "Indonesia"
  },
  {
    "code": "SUF",
    "name": "Lamezia Terme International Airport",
    "city": "Lamezia Terme",
    "country": "Italy"
  },
  {
    "code": "SVG",
    "name": "Stavanger Airport Sola",
    "city": "Stavanger",
    "country": "Norway"
  },
  {
    "code": "SVO",
    "name": "Sheremetyevo International Airport",
    "city": "Moscow",
    "country": "Russia"
  },
  {
    "code": "SVQ",
    "name": "Seville Airport",
    "city": "Seville",
    "country": "Spain"
  },
  {
    "code": "SXM",
    "name": "Princess Juliana International Airport",
    "city": "Philipsburg",
    "country": "Sint Maarten"
  },
  {
    "code": "SYD",
    "name": "Sydney Kingsford Smith Airport",
    "city": "Sydney",
    "country": "Australia"
  },
  {
    "code": "SYR",
    "name": "Syracuse Hancock International Airport",
    "city": "Syracuse",
    "country": "United States"
  },
  {
    "code": "SZG",
    "name": "Salzburg Airport",
    "city": "Salzburg",
    "country": "Austria"
  },
  {
    "code": "SZX",
    "name": "Shenzhen Bao'an International Airport",
    "city": "Shenzhen",
    "country": "China"
  },
  {
    "code": "TAO",
    "name": "Qingdao Jiaodong International Airport",
    "city": "Qingdao",
    "country": "China"
  },
  {
    "code": "TAS",
    "name": "Islam Karimov Tashkent International Airport",
    "city": "Tashkent",
    "country": "Uzbekistan"
  },
  {
    "code": "TBS",
    "name": "Tbilisi International Airport",
    "city": "Tbilisi",
    "country": "Georgia"
  },
  {
    "code": "TFS",
    "name": "Tenerife South Airport",
    "city": "Tenerife",
    "country": "Spain"
  },
  {
    "code": "TGD",
    "name": "Podgorica Airport",
    "city": "Podgorica",
    "country": "Montenegro"
  },
  {
    "code": "TIA",
    "name": "Tirana International Airport",
    "city": "Tirana",
    "country": "Albania"
  },
  {
    "code": "TIJ",
    "name": "Tijuana International Airport",
    "city": "Tijuana",
    "country": "Mexico"
  },
  {
    "code": "TIV",
    "name": "Tivat Airport",
    "city": "Tivat",
    "country": "Montenegro"
  },
  {
    "code": "TLL",
    "name": "Tallinn Airport",
    "city": "Tallinn",
    "country": "Estonia"
  },
  {
    "code": "TLS",
    "name": "Toulouse-Blagnac Airport",
    "city": "Toulouse",
    "country": "France"
  },
  {
    "code": "TLV",
    "name": "Ben Gurion Airport",
    "city": "Tel Aviv",
    "country": "Israel"
  },
  {
    "code": "TNG",
    "name": "Tangier Ibn Battouta Airport",
    "city": "Tangier",
    "country": "Morocco"
  },
  {
    "code": "TNR",
    "name": "Ivato International Airport",
    "city": "Antananarivo",
    "country": "Madagascar"
  },
  {
    "code": "TPA",
    "name": "Tampa International Airport",
    "city": "Tampa",
    "country": "United States"
  },
  {
    "code": "TPE",
    "name": "Taiwan Taoyuan International Airport",
    "city": "Taipei",
    "country": "Taiwan"
  },
  {
    "code": "TRD",
    "name": "Trondheim Airport Vaernes",
    "city": "Trondheim",
    "country": "Norway"
  },
  {
    "code": "TRN",
    "name": "Turin Airport",
    "city": "Turin",
    "country": "Italy"
  },
  {
    "code": "TRV",
    "name": "Trivandrum International Airport",
    "city": "Thiruvananthapuram",
    "country": "India"
  },
  {
    "code": "TSA",
    "name": "Taipei Songshan Airport",
    "city": "Taipei",
    "country": "Taiwan"
  },
  {
    "code": "TSF",
    "name": "Treviso Airport",
    "city": "Treviso",
    "country": "Italy"
  },
  {
    "code": "TSN",
    "name": "Tianjin Binhai International Airport",
    "city": "Tianjin",
    "country": "China"
  },
  {
    "code": "TSV",
    "name": "Townsville Airport",
    "city": "Townsville",
    "country": "Australia"
  },
  {
    "code": "TUL",
    "name": "Tulsa International Airport",
    "city": "Tulsa",
    "country": "United States"
  },
  {
    "code": "TUN",
    "name": "Tunis-Carthage International Airport",
    "city": "Tunis",
    "country": "Tunisia"
  },
  {
    "code": "TUS",
    "name": "Tucson International Airport",
    "city": "Tucson",
    "country": "United States"
  },
  {
    "code": "TZX",
    "name": "Trabzon Airport",
    "city": "Trabzon",
    "country": "Turkey"
  },
  {
    "code": "UIO",
    "name": "Mariscal Sucre International Airport",
    "city": "Quito",
    "country": "Ecuador"
  },
  {
    "code": "ULN",
    "name": "Chinggis Khaan International Airport",
    "city": "Ulaanbaatar",
    "country": "Mongolia"
  },
  {
    "code": "UPG",
    "name": "Sultan Hasanuddin International Airport",
    "city": "Makassar",
    "country": "Indonesia"
  },
  {
    "code": "USM",
    "name": "Samui Airport",
    "city": "Ko Samui",
    "country": "Thailand"
  },
  {
    "code": "VAR",
    "name": "Varna Airport",
    "city": "Varna",
    "country": "Bulgaria"
  },
  {
    "code": "VCE",
    "name": "Venice Marco Polo Airport",
    "city": "Venice",
    "country": "Italy"
  },
  {
    "code": "VCP",
    "name": "Viracopos International Airport",
    "city": "Campinas",
    "country": "Brazil"
  },
  {
    "code": "VIE",
    "name": "Vienna International Airport",
    "city": "Vienna",
    "country": "Austria"
  },
  {
    "code": "VKO",
    "name": "Vnukovo International Airport",
    "city": "Moscow",
    "country": "Russia"
  },
  {
    "code": "VLC",
    "name": "Valencia Airport",
    "city": "Valencia",
    "country": "Spain"
  },
  {
    "code": "VNO",
    "name": "Vilnius Airport",
    "city": "Vilnius",
    "country": "Lithuania"
  },
  {
    "code": "VRN",
    "name": "Verona Villafranca Airport",
    "city": "Verona",
    "country": "Italy"
  },
  {
    "code": "VTE",
    "name": "Wattay International Airport",
    "city": "Vientiane",
    "country": "Laos"
  },
  {
    "code": "VVI",
    "name": "Viru Viru International Airport",
    "city": "Santa Cruz",
    "country": "Bolivia"
  },
  {
    "code": "WAW",
    "name": "Warsaw Chopin Airport",
    "city": "Warsaw",
    "country": "Poland"
  },
  {
    "code": "WDH",
    "name": "Hosea Kutako International Airport",
    "city": "Windhoek",
    "country": "Namibia"
  },
  {
    "code": "WLG",
    "name": "Wellington Airport",
    "city": "Wellington",
    "country": "New Zealand"
  },
  {
    "code": "WRO",
    "name": "Wroclaw Airport",
    "city": "Wroclaw",
    "country": "Poland"
  },
  {
    "code": "WUH",
    "name": "Wuhan Tianhe International Airport",
    "city": "Wuhan",
    "country": "China"
  },
  {
    "code": "XIY",
    "name": "Xi'an Xianyang International Airport",
    "city": "Xi'an",
    "country": "China"
  },
  {
    "code": "XMN",
    "name": "Xiamen Gaoqi International Airport",
    "city": "Xiamen",
    "country": "China"
  },
  {
    "code": "YEG",
    "name": "Edmonton International Airport",
    "city": "Edmonton",
    "country": "Canada"
  },
  {
    "code": "YHZ",
    "name": "Halifax Stanfield International Airport",
    "city": "Halifax",
    "country": "Canada"
  },
  {
    "code": "YIA",
    "name": "Yogyakarta International Airport",
    "city": "Yogyakarta",
    "country": "Indonesia"
  },
  {
    "code": "YKF",
    "name": "Region of Waterloo International Airport",
    "city": "Kitchener",
    "country": "Canada"
  },
  {
    "code": "YLW",
    "name": "Kelowna International Airport",
    "city": "Kelowna",
    "country": "Canada"
  },
  {
    "code": "YOW",
    "name": "Ottawa Macdonald-Cartier International Airport",
    "city": "Ottawa",
    "country": "Canada"
  },
  {
    "code": "YQB",
    "name": "Quebec City Jean Lesage International Airport",
    "city": "Quebec City",
    "country": "Canada"
  },
  {
    "code": "YQR",
    "name": "Regina International Airport",
    "city": "Regina",
    "country": "Canada"
  },
  {
    "code": "YUL",
    "name": "Montreal-Pierre Elliott Trudeau International Airport",
    "city": "Montreal",
    "country": "Canada"
  },
  {
    "code": "YVR",
    "name": "Vancouver International Airport",
    "city": "Vancouver",
    "country": "Canada"
  },
  {
    "code": "YWG",
    "name": "Winnipeg James Armstrong Richardson International Airport",
    "city": "Winnipeg",
    "country": "Canada"
  },
  {
    "code": "YXE",
    "name": "Saskatoon John G. Diefenbaker International Airport",
    "city": "Saskatoon",
    "country": "Canada"
  },
  {
    "code": "YXU",
    "name": "London International Airport",
    "city": "London",
    "country": "Canada"
  },
  {
    "code": "YYC",
    "name": "Calgary International Airport",
    "city": "Calgary",
    "country": "Canada"
  },
  {
    "code": "YYJ",
    "name": "Victoria International Airport",
    "city": "Victoria",
    "country": "Canada"
  },
  {
    "code": "YYZ",
    "name": "Toronto Pearson International Airport",
    "city": "Toronto",
    "country": "Canada"
  },
  {
    "code": "ZAG",
    "name": "Zagreb Airport",
    "city": "Zagreb",
    "country": "Croatia"
  },
  {
    "code": "ZNZ",
    "name": "Abeid Amani Karume International Airport",
    "city": "Zanzibar",
    "country": "Tanzania"
  },
  {
    "code": "ZQN",
    "name": "Queenstown Airport",
    "city": "Queenstown",
    "country": "New Zealand"
  },
  {
    "code": "ZRH",
    "name": "Zurich Airport",
    "city": "Zurich",
    "country": "Switzerland"
  },
  {
    "code": "ZTH",
    "name": "Zakynthos International Airport",
    "city": "Zakynthos",
    "country": "Greece"
  }
]
